Time [s], Analyzer Name, Decoded Protocol Result
0.184762916666667,SPI,MOSI: 0x00;  MISO: 0xA4
0.184818166666667,SPI,MOSI: 0x00;  MISO: 0x03
0.184875583333333,SPI,MOSI: 0x00;  MISO: 0x40
0.184934916666667,SPI,MOSI: 0x00;  MISO: 0x00
0.184994333333333,SPI,MOSI: 0x00;  MISO: 0x01
0.185066916666667,SPI,MOSI: 0x00;  MISO: 0x03
0.185126166666667,SPI,MOSI: 0x00;  MISO: 0xE5
0.185857083333333,SPI,MOSI: 0x00;  MISO: 0xA4
0.185912166666667,SPI,MOSI: 0x00;  MISO: 0x09
0.185969583333333,SPI,MOSI: 0x00;  MISO: 0x4E
0.186029000000000,SPI,MOSI: 0x00;  MISO: 0x00
0.186088333333333,SPI,MOSI: 0x00;  MISO: 0x80
0.186147666666667,SPI,MOSI: 0x00;  MISO: 0xFF
0.186207000000000,SPI,MOSI: 0x00;  MISO: 0xFF
0.186266416666667,SPI,MOSI: 0x00;  MISO: 0xFF
0.186325833333333,SPI,MOSI: 0x00;  MISO: 0xFF
0.186385166666667,SPI,MOSI: 0x00;  MISO: 0xFF
0.186575166666667,SPI,MOSI: 0x00;  MISO: 0xFF
0.186634500000000,SPI,MOSI: 0x00;  MISO: 0xFF
0.186693750000000,SPI,MOSI: 0x00;  MISO: 0x9C
0.191992666666667,SPI,MOSI: 0x00;  MISO: 0xA5
0.192115083333333,SPI,MOSI: 0x09;  MISO: 0xFF
0.192178500000000,SPI,MOSI: 0x4E;  MISO: 0xFF
0.192244916666667,SPI,MOSI: 0x00;  MISO: 0xFF
0.192311416666667,SPI,MOSI: 0x00;  MISO: 0xFF
0.192377833333333,SPI,MOSI: 0xF7;  MISO: 0xFF
0.192444250000000,SPI,MOSI: 0x01;  MISO: 0xFF
0.192510750000000,SPI,MOSI: 0x09;  MISO: 0xFF
0.192577416666667,SPI,MOSI: 0x64;  MISO: 0xFF
0.192644500000000,SPI,MOSI: 0x00;  MISO: 0xFF
0.192711500000000,SPI,MOSI: 0xFF;  MISO: 0xFF
0.192778500000000,SPI,MOSI: 0xFF;  MISO: 0xFF
0.192846666666667,SPI,MOSI: 0x79;  MISO: 0xFF
0.435017333333333,SPI,MOSI: 0x00;  MISO: 0xA4
0.435072583333333,SPI,MOSI: 0x00;  MISO: 0x03
0.435129916666667,SPI,MOSI: 0x00;  MISO: 0x40
0.435189333333333,SPI,MOSI: 0x00;  MISO: 0x00
0.435248750000000,SPI,MOSI: 0x00;  MISO: 0x01
0.435320833333333,SPI,MOSI: 0x00;  MISO: 0x03
0.435380083333333,SPI,MOSI: 0x00;  MISO: 0xE5
0.436111000000000,SPI,MOSI: 0x00;  MISO: 0xA4
0.436166083333333,SPI,MOSI: 0x00;  MISO: 0x09
0.436223500000000,SPI,MOSI: 0x00;  MISO: 0x4E
0.436282916666667,SPI,MOSI: 0x00;  MISO: 0x00
0.436342250000000,SPI,MOSI: 0x00;  MISO: 0x80
0.436401583333333,SPI,MOSI: 0x00;  MISO: 0xFF
0.436460916666667,SPI,MOSI: 0x00;  MISO: 0xFF
0.436520333333333,SPI,MOSI: 0x00;  MISO: 0xFF
0.436579750000000,SPI,MOSI: 0x00;  MISO: 0xFF
0.436639083333333,SPI,MOSI: 0x00;  MISO: 0xFF
0.436829000000000,SPI,MOSI: 0x00;  MISO: 0xFF
0.436888416666667,SPI,MOSI: 0x00;  MISO: 0xFF
0.436947666666667,SPI,MOSI: 0x00;  MISO: 0x9C
0.442247000000000,SPI,MOSI: 0x00;  MISO: 0xA5
0.442369500000000,SPI,MOSI: 0x09;  MISO: 0xFF
0.442432833333333,SPI,MOSI: 0x4E;  MISO: 0xFF
0.442499250000000,SPI,MOSI: 0x00;  MISO: 0xFF
0.442565750000000,SPI,MOSI: 0x00;  MISO: 0xFF
0.442632166666667,SPI,MOSI: 0xF7;  MISO: 0xFF
0.442698583333333,SPI,MOSI: 0x01;  MISO: 0xFF
0.442765083333333,SPI,MOSI: 0x09;  MISO: 0xFF
0.442831833333333,SPI,MOSI: 0x64;  MISO: 0xFF
0.442898833333333,SPI,MOSI: 0x00;  MISO: 0xFF
0.442965833333333,SPI,MOSI: 0xFF;  MISO: 0xFF
0.443032833333333,SPI,MOSI: 0xFF;  MISO: 0xFF
0.443101000000000,SPI,MOSI: 0x79;  MISO: 0xFF
0.685271583333333,SPI,MOSI: 0x00;  MISO: 0xA4
0.685326833333333,SPI,MOSI: 0x00;  MISO: 0x03
0.685384250000000,SPI,MOSI: 0x00;  MISO: 0x40
0.685443583333333,SPI,MOSI: 0x00;  MISO: 0x00
0.685503000000000,SPI,MOSI: 0x00;  MISO: 0x01
0.685575666666667,SPI,MOSI: 0x00;  MISO: 0x03
0.685635000000000,SPI,MOSI: 0x00;  MISO: 0xE5
0.686365833333333,SPI,MOSI: 0x00;  MISO: 0xA4
0.686421000000000,SPI,MOSI: 0x00;  MISO: 0x09
0.686478416666667,SPI,MOSI: 0x00;  MISO: 0x4E
0.686537750000000,SPI,MOSI: 0x00;  MISO: 0x00
0.686597166666667,SPI,MOSI: 0x00;  MISO: 0x80
0.686656416666667,SPI,MOSI: 0x00;  MISO: 0xFF
0.686715833333333,SPI,MOSI: 0x00;  MISO: 0xFF
0.686775250000000,SPI,MOSI: 0x00;  MISO: 0xFF
0.686834583333333,SPI,MOSI: 0x00;  MISO: 0xFF
0.686894000000000,SPI,MOSI: 0x00;  MISO: 0xFF
0.687083916666667,SPI,MOSI: 0x00;  MISO: 0xFF
0.687143333333333,SPI,MOSI: 0x00;  MISO: 0xFF
0.687202583333333,SPI,MOSI: 0x00;  MISO: 0x9C
0.692501416666667,SPI,MOSI: 0x00;  MISO: 0xA5
0.692623833333333,SPI,MOSI: 0x09;  MISO: 0xFF
0.692687250000000,SPI,MOSI: 0x4E;  MISO: 0xFF
0.692753666666667,SPI,MOSI: 0x00;  MISO: 0xFF
0.692820083333333,SPI,MOSI: 0x00;  MISO: 0xFF
0.692886583333333,SPI,MOSI: 0xF7;  MISO: 0xFF
0.692953000000000,SPI,MOSI: 0x01;  MISO: 0xFF
0.693019500000000,SPI,MOSI: 0x09;  MISO: 0xFF
0.693086166666667,SPI,MOSI: 0x64;  MISO: 0xFF
0.693153166666667,SPI,MOSI: 0x00;  MISO: 0xFF
0.693220250000000,SPI,MOSI: 0xFF;  MISO: 0xFF
0.693287250000000,SPI,MOSI: 0xFF;  MISO: 0xFF
0.693355416666667,SPI,MOSI: 0x79;  MISO: 0xFF
0.935526000000000,SPI,MOSI: 0x00;  MISO: 0xA4
0.935581333333333,SPI,MOSI: 0x00;  MISO: 0x03
0.935638666666667,SPI,MOSI: 0x00;  MISO: 0x40
0.935698083333333,SPI,MOSI: 0x00;  MISO: 0x00
0.935757500000000,SPI,MOSI: 0x00;  MISO: 0x01
0.935829583333333,SPI,MOSI: 0x00;  MISO: 0x03
0.935888833333333,SPI,MOSI: 0x00;  MISO: 0xE5
0.936619583333333,SPI,MOSI: 0x00;  MISO: 0xA4
0.936674750000000,SPI,MOSI: 0x00;  MISO: 0x09
0.936732083333333,SPI,MOSI: 0x00;  MISO: 0x4E
0.936791500000000,SPI,MOSI: 0x00;  MISO: 0x00
0.936850916666667,SPI,MOSI: 0x00;  MISO: 0x80
0.936910166666667,SPI,MOSI: 0x00;  MISO: 0xFF
0.936969583333333,SPI,MOSI: 0x00;  MISO: 0xFF
0.937028916666667,SPI,MOSI: 0x00;  MISO: 0xFF
0.937088333333333,SPI,MOSI: 0x00;  MISO: 0xFF
0.937147750000000,SPI,MOSI: 0x00;  MISO: 0xFF
0.937337666666667,SPI,MOSI: 0x00;  MISO: 0xFF
0.937397000000000,SPI,MOSI: 0x00;  MISO: 0xFF
0.937456333333333,SPI,MOSI: 0x00;  MISO: 0x9C
0.942755750000000,SPI,MOSI: 0x00;  MISO: 0xA5
0.942878250000000,SPI,MOSI: 0x09;  MISO: 0xFF
0.942941583333333,SPI,MOSI: 0x4E;  MISO: 0xFF
0.943008083333333,SPI,MOSI: 0x00;  MISO: 0xFF
0.943074500000000,SPI,MOSI: 0x00;  MISO: 0xFF
0.943141000000000,SPI,MOSI: 0xF7;  MISO: 0xFF
0.943207416666667,SPI,MOSI: 0x01;  MISO: 0xFF
0.943273833333333,SPI,MOSI: 0x09;  MISO: 0xFF
0.943340583333333,SPI,MOSI: 0x64;  MISO: 0xFF
0.943407583333333,SPI,MOSI: 0x00;  MISO: 0xFF
0.943474666666667,SPI,MOSI: 0xFF;  MISO: 0xFF
0.943541666666667,SPI,MOSI: 0xFF;  MISO: 0xFF
0.943609750000000,SPI,MOSI: 0x79;  MISO: 0xFF
1.185780333333333,SPI,MOSI: 0x00;  MISO: 0xA4
1.185835666666667,SPI,MOSI: 0x00;  MISO: 0x03
1.185893000000000,SPI,MOSI: 0x00;  MISO: 0x40
1.185952416666667,SPI,MOSI: 0x00;  MISO: 0x00
1.186011833333333,SPI,MOSI: 0x00;  MISO: 0x01
1.186084416666667,SPI,MOSI: 0x00;  MISO: 0x03
1.186143666666667,SPI,MOSI: 0x00;  MISO: 0xE5
1.186874500000000,SPI,MOSI: 0x00;  MISO: 0xA4
1.186929666666667,SPI,MOSI: 0x00;  MISO: 0x09
1.186987083333333,SPI,MOSI: 0x00;  MISO: 0x4E
1.187046500000000,SPI,MOSI: 0x00;  MISO: 0x00
1.187105833333333,SPI,MOSI: 0x00;  MISO: 0x80
1.187165083333333,SPI,MOSI: 0x00;  MISO: 0xFF
1.187224500000000,SPI,MOSI: 0x00;  MISO: 0xFF
1.187283916666667,SPI,MOSI: 0x00;  MISO: 0xFF
1.187343333333333,SPI,MOSI: 0x00;  MISO: 0xFF
1.187402666666667,SPI,MOSI: 0x00;  MISO: 0xFF
1.187592583333333,SPI,MOSI: 0x00;  MISO: 0xFF
1.187652000000000,SPI,MOSI: 0x00;  MISO: 0xFF
1.187711250000000,SPI,MOSI: 0x00;  MISO: 0x9C
1.193010083333333,SPI,MOSI: 0x00;  MISO: 0xA5
1.193132583333333,SPI,MOSI: 0x09;  MISO: 0xFF
1.193196000000000,SPI,MOSI: 0x4E;  MISO: 0xFF
1.193262416666667,SPI,MOSI: 0x00;  MISO: 0xFF
1.193328833333333,SPI,MOSI: 0x00;  MISO: 0xFF
1.193395333333333,SPI,MOSI: 0xF7;  MISO: 0xFF
1.193461750000000,SPI,MOSI: 0x01;  MISO: 0xFF
1.193528250000000,SPI,MOSI: 0x09;  MISO: 0xFF
1.193594916666667,SPI,MOSI: 0x64;  MISO: 0xFF
1.193661916666667,SPI,MOSI: 0x00;  MISO: 0xFF
1.193729000000000,SPI,MOSI: 0xFF;  MISO: 0xFF
1.193796000000000,SPI,MOSI: 0xFF;  MISO: 0xFF
1.193864166666667,SPI,MOSI: 0x79;  MISO: 0xFF
1.436034333333333,SPI,MOSI: 0x00;  MISO: 0xA4
1.436089583333333,SPI,MOSI: 0x00;  MISO: 0x03
1.436147000000000,SPI,MOSI: 0x00;  MISO: 0x40
1.436206416666667,SPI,MOSI: 0x00;  MISO: 0x00
1.436265750000000,SPI,MOSI: 0x00;  MISO: 0x01
1.436337916666667,SPI,MOSI: 0x00;  MISO: 0x03
1.436397166666667,SPI,MOSI: 0x00;  MISO: 0xE5
1.437128000000000,SPI,MOSI: 0x00;  MISO: 0xA4
1.437183166666667,SPI,MOSI: 0x00;  MISO: 0x09
1.437240583333333,SPI,MOSI: 0x00;  MISO: 0x4E
1.437299916666667,SPI,MOSI: 0x00;  MISO: 0x00
1.437359333333333,SPI,MOSI: 0x00;  MISO: 0x80
1.437418583333333,SPI,MOSI: 0x00;  MISO: 0xFF
1.437477833333333,SPI,MOSI: 0x00;  MISO: 0xFF
1.437537250000000,SPI,MOSI: 0x00;  MISO: 0xFF
1.437596666666667,SPI,MOSI: 0x00;  MISO: 0xFF
1.437656000000000,SPI,MOSI: 0x00;  MISO: 0xFF
1.437845916666667,SPI,MOSI: 0x00;  MISO: 0xFF
1.437905333333333,SPI,MOSI: 0x00;  MISO: 0xFF
1.437964583333333,SPI,MOSI: 0x00;  MISO: 0x9C
1.443264500000000,SPI,MOSI: 0x00;  MISO: 0xA5
1.443387000000000,SPI,MOSI: 0x09;  MISO: 0xFF
1.443450333333333,SPI,MOSI: 0x4E;  MISO: 0xFF
1.443516750000000,SPI,MOSI: 0x00;  MISO: 0xFF
1.443583250000000,SPI,MOSI: 0x00;  MISO: 0xFF
1.443649666666667,SPI,MOSI: 0xF7;  MISO: 0xFF
1.443716166666667,SPI,MOSI: 0x01;  MISO: 0xFF
1.443782583333333,SPI,MOSI: 0x09;  MISO: 0xFF
1.443849333333333,SPI,MOSI: 0x64;  MISO: 0xFF
1.443916333333333,SPI,MOSI: 0x00;  MISO: 0xFF
1.443983416666667,SPI,MOSI: 0xFF;  MISO: 0xFF
1.444050416666667,SPI,MOSI: 0xFF;  MISO: 0xFF
1.444118500000000,SPI,MOSI: 0x79;  MISO: 0xFF
1.686288833333333,SPI,MOSI: 0x00;  MISO: 0xA4
1.686344083333333,SPI,MOSI: 0x00;  MISO: 0x03
1.686401500000000,SPI,MOSI: 0x00;  MISO: 0x40
1.686460916666667,SPI,MOSI: 0x00;  MISO: 0x00
1.686520250000000,SPI,MOSI: 0x00;  MISO: 0x01
1.686592833333333,SPI,MOSI: 0x00;  MISO: 0x03
1.686652083333333,SPI,MOSI: 0x00;  MISO: 0xE5
1.687382916666667,SPI,MOSI: 0x00;  MISO: 0xA4
1.687438250000000,SPI,MOSI: 0x00;  MISO: 0x09
1.687495583333333,SPI,MOSI: 0x00;  MISO: 0x4E
1.687555000000000,SPI,MOSI: 0x00;  MISO: 0x00
1.687614416666667,SPI,MOSI: 0x00;  MISO: 0x80
1.687673666666667,SPI,MOSI: 0x00;  MISO: 0xFF
1.687733083333333,SPI,MOSI: 0x00;  MISO: 0xFF
1.687792416666667,SPI,MOSI: 0x00;  MISO: 0xFF
1.687851833333333,SPI,MOSI: 0x00;  MISO: 0xFF
1.687911250000000,SPI,MOSI: 0x00;  MISO: 0xFF
1.688101166666667,SPI,MOSI: 0x00;  MISO: 0xFF
1.688160500000000,SPI,MOSI: 0x00;  MISO: 0xFF
1.688219833333333,SPI,MOSI: 0x00;  MISO: 0x9C
1.693518916666667,SPI,MOSI: 0x00;  MISO: 0xA5
1.693641416666667,SPI,MOSI: 0x09;  MISO: 0xFF
1.693704750000000,SPI,MOSI: 0x4E;  MISO: 0xFF
1.693771166666667,SPI,MOSI: 0x00;  MISO: 0xFF
1.693837666666667,SPI,MOSI: 0x00;  MISO: 0xFF
1.693904083333333,SPI,MOSI: 0xF7;  MISO: 0xFF
1.693970583333333,SPI,MOSI: 0x01;  MISO: 0xFF
1.694037000000000,SPI,MOSI: 0x09;  MISO: 0xFF
1.694103750000000,SPI,MOSI: 0x64;  MISO: 0xFF
1.694170750000000,SPI,MOSI: 0x00;  MISO: 0xFF
1.694237750000000,SPI,MOSI: 0xFF;  MISO: 0xFF
1.694304750000000,SPI,MOSI: 0xFF;  MISO: 0xFF
1.694372916666667,SPI,MOSI: 0x79;  MISO: 0xFF
1.936543666666667,SPI,MOSI: 0x00;  MISO: 0xA4
1.936598916666667,SPI,MOSI: 0x00;  MISO: 0x03
1.936656333333333,SPI,MOSI: 0x00;  MISO: 0x40
1.936715666666667,SPI,MOSI: 0x00;  MISO: 0x00
1.936775083333333,SPI,MOSI: 0x00;  MISO: 0x01
1.936847750000000,SPI,MOSI: 0x00;  MISO: 0x03
1.936907083333333,SPI,MOSI: 0x00;  MISO: 0xE5
1.937637833333333,SPI,MOSI: 0x00;  MISO: 0xA4
1.937692916666667,SPI,MOSI: 0x00;  MISO: 0x09
1.937750333333333,SPI,MOSI: 0x00;  MISO: 0x4E
1.937809750000000,SPI,MOSI: 0x00;  MISO: 0x00
1.937869166666667,SPI,MOSI: 0x00;  MISO: 0x80
1.937928416666667,SPI,MOSI: 0x00;  MISO: 0xFF
1.937987750000000,SPI,MOSI: 0x00;  MISO: 0xFF
1.938047166666667,SPI,MOSI: 0x00;  MISO: 0xFF
1.938106583333333,SPI,MOSI: 0x00;  MISO: 0xFF
1.938165916666667,SPI,MOSI: 0x00;  MISO: 0xFF
1.938355916666667,SPI,MOSI: 0x00;  MISO: 0xFF
1.938415250000000,SPI,MOSI: 0x00;  MISO: 0xFF
1.938474500000000,SPI,MOSI: 0x00;  MISO: 0x9C
1.943773250000000,SPI,MOSI: 0x00;  MISO: 0xA5
1.943895750000000,SPI,MOSI: 0x09;  MISO: 0xFF
1.943959083333333,SPI,MOSI: 0x4E;  MISO: 0xFF
1.944025583333333,SPI,MOSI: 0x00;  MISO: 0xFF
1.944092000000000,SPI,MOSI: 0x00;  MISO: 0xFF
1.944158416666667,SPI,MOSI: 0xF7;  MISO: 0xFF
1.944224916666667,SPI,MOSI: 0x01;  MISO: 0xFF
1.944291333333333,SPI,MOSI: 0x09;  MISO: 0xFF
1.944358083333333,SPI,MOSI: 0x64;  MISO: 0xFF
1.944425083333333,SPI,MOSI: 0x00;  MISO: 0xFF
1.944492083333333,SPI,MOSI: 0xFF;  MISO: 0xFF
1.944559166666667,SPI,MOSI: 0xFF;  MISO: 0xFF
1.944627250000000,SPI,MOSI: 0x79;  MISO: 0xFF
2.186798000000000,SPI,MOSI: 0x00;  MISO: 0xA4
2.186853250000000,SPI,MOSI: 0x00;  MISO: 0x03
2.186910666666666,SPI,MOSI: 0x00;  MISO: 0x40
2.186970000000000,SPI,MOSI: 0x00;  MISO: 0x00
2.187029416666667,SPI,MOSI: 0x00;  MISO: 0x01
2.187101583333333,SPI,MOSI: 0x00;  MISO: 0x03
2.187160833333333,SPI,MOSI: 0x00;  MISO: 0xE5
2.187891750000000,SPI,MOSI: 0x00;  MISO: 0xA4
2.187947000000000,SPI,MOSI: 0x00;  MISO: 0x09
2.188004333333333,SPI,MOSI: 0x00;  MISO: 0x4E
2.188063750000000,SPI,MOSI: 0x00;  MISO: 0x00
2.188123166666667,SPI,MOSI: 0x00;  MISO: 0x80
2.188182416666667,SPI,MOSI: 0x00;  MISO: 0xFF
2.188241833333334,SPI,MOSI: 0x00;  MISO: 0xFF
2.188301166666667,SPI,MOSI: 0x00;  MISO: 0xFF
2.188360583333333,SPI,MOSI: 0x00;  MISO: 0xFF
2.188420000000000,SPI,MOSI: 0x00;  MISO: 0xFF
2.188609916666667,SPI,MOSI: 0x00;  MISO: 0xFF
2.188669333333333,SPI,MOSI: 0x00;  MISO: 0xFF
2.188728583333333,SPI,MOSI: 0x00;  MISO: 0x9C
2.194027666666666,SPI,MOSI: 0x00;  MISO: 0xA5
2.194150166666667,SPI,MOSI: 0x09;  MISO: 0xFF
2.194213500000000,SPI,MOSI: 0x4E;  MISO: 0xFF
2.194279916666667,SPI,MOSI: 0x00;  MISO: 0xFF
2.194346416666667,SPI,MOSI: 0x00;  MISO: 0xFF
2.194412833333333,SPI,MOSI: 0xF7;  MISO: 0xFF
2.194479333333333,SPI,MOSI: 0x01;  MISO: 0xFF
2.194545750000000,SPI,MOSI: 0x09;  MISO: 0xFF
2.194612500000000,SPI,MOSI: 0x64;  MISO: 0xFF
2.194679500000000,SPI,MOSI: 0x00;  MISO: 0xFF
2.194746500000000,SPI,MOSI: 0xFF;  MISO: 0xFF
2.194813500000000,SPI,MOSI: 0xFF;  MISO: 0xFF
2.194881666666667,SPI,MOSI: 0x79;  MISO: 0xFF
2.432447833333333,SPI,MOSI: 0x00;  MISO: 0xA4
2.432503083333333,SPI,MOSI: 0x00;  MISO: 0x03
2.432560500000000,SPI,MOSI: 0x00;  MISO: 0x40
2.432619916666667,SPI,MOSI: 0x00;  MISO: 0x00
2.432686250000000,SPI,MOSI: 0x00;  MISO: 0x01
2.432745583333333,SPI,MOSI: 0x00;  MISO: 0x03
2.432804833333333,SPI,MOSI: 0x00;  MISO: 0xE5
2.434550250000000,SPI,MOSI: 0x00;  MISO: 0xA5
2.434622333333333,SPI,MOSI: 0x09;  MISO: 0xFF
2.434688833333333,SPI,MOSI: 0x4E;  MISO: 0xFF
2.434746750000000,SPI,MOSI: 0x00;  MISO: 0xFF
2.434804583333333,SPI,MOSI: 0x00;  MISO: 0xFF
2.434862500000000,SPI,MOSI: 0xF4;  MISO: 0xFF
2.434920416666666,SPI,MOSI: 0x01;  MISO: 0xFF
2.435036166666666,SPI,MOSI: 0x09;  MISO: 0xFF
2.435094083333333,SPI,MOSI: 0x64;  MISO: 0xFF
2.435151916666667,SPI,MOSI: 0x00;  MISO: 0xFF
2.435209833333333,SPI,MOSI: 0xFF;  MISO: 0xFF
2.435267750000000,SPI,MOSI: 0xFF;  MISO: 0xFF
2.435326750000000,SPI,MOSI: 0x7A;  MISO: 0xFF
2.436815500000000,SPI,MOSI: 0x00;  MISO: 0xA4
2.436870750000000,SPI,MOSI: 0x00;  MISO: 0x09
2.436928166666667,SPI,MOSI: 0x00;  MISO: 0x4E
2.436987583333333,SPI,MOSI: 0x00;  MISO: 0x00
2.437047000000000,SPI,MOSI: 0x00;  MISO: 0x80
2.437106333333333,SPI,MOSI: 0x00;  MISO: 0xFF
2.437165583333333,SPI,MOSI: 0x00;  MISO: 0xFF
2.437225000000000,SPI,MOSI: 0x00;  MISO: 0xFF
2.437284416666667,SPI,MOSI: 0x00;  MISO: 0xFF
2.437343666666667,SPI,MOSI: 0x00;  MISO: 0xFF
2.437403083333333,SPI,MOSI: 0x00;  MISO: 0xFF
2.437462416666667,SPI,MOSI: 0x00;  MISO: 0xFF
2.437521750000000,SPI,MOSI: 0x00;  MISO: 0x9C
2.438919833333333,SPI,MOSI: 0x00;  MISO: 0xA5
2.438991583333333,SPI,MOSI: 0x09;  MISO: 0xFF
2.439046416666667,SPI,MOSI: 0x4E;  MISO: 0xFF
2.439104250000000,SPI,MOSI: 0x00;  MISO: 0xFF
2.439335916666667,SPI,MOSI: 0x00;  MISO: 0xFF
2.439393833333333,SPI,MOSI: 0xF4;  MISO: 0xFF
2.439451750000000,SPI,MOSI: 0x01;  MISO: 0xFF
2.439509666666666,SPI,MOSI: 0x09;  MISO: 0xFF
2.440231916666667,SPI,MOSI: 0x64;  MISO: 0xFF
2.440299000000000,SPI,MOSI: 0x00;  MISO: 0xFF
2.440366000000000,SPI,MOSI: 0xFF;  MISO: 0xFF
2.440433000000000,SPI,MOSI: 0xFF;  MISO: 0xFF
2.440501166666666,SPI,MOSI: 0x7A;  MISO: 0xFF
2.441884083333334,SPI,MOSI: 0x00;  MISO: 0xA5
2.442005666666667,SPI,MOSI: 0x09;  MISO: 0xFF
2.442069000000000,SPI,MOSI: 0x4E;  MISO: 0xFF
2.442135416666666,SPI,MOSI: 0x00;  MISO: 0xFF
2.442201833333333,SPI,MOSI: 0x00;  MISO: 0xFF
2.442268333333333,SPI,MOSI: 0xF4;  MISO: 0xFF
2.442334750000000,SPI,MOSI: 0x01;  MISO: 0xFF
2.442401250000000,SPI,MOSI: 0x09;  MISO: 0xFF
2.442467916666667,SPI,MOSI: 0x64;  MISO: 0xFF
2.442534916666667,SPI,MOSI: 0x00;  MISO: 0xFF
2.442602000000000,SPI,MOSI: 0xFF;  MISO: 0xFF
2.442669083333334,SPI,MOSI: 0xFF;  MISO: 0xFF
2.442737166666667,SPI,MOSI: 0x7A;  MISO: 0xFF
2.682641000000000,SPI,MOSI: 0x00;  MISO: 0xA4
2.682710000000000,SPI,MOSI: 0x00;  MISO: 0x03
2.682767416666667,SPI,MOSI: 0x00;  MISO: 0x40
2.682826750000000,SPI,MOSI: 0x00;  MISO: 0x00
2.682886166666667,SPI,MOSI: 0x00;  MISO: 0x01
2.682945416666667,SPI,MOSI: 0x00;  MISO: 0x03
2.683004666666667,SPI,MOSI: 0x00;  MISO: 0xE5
2.684652416666667,SPI,MOSI: 0x00;  MISO: 0xA5
2.684805000000000,SPI,MOSI: 0x09;  MISO: 0xFF
2.684859666666667,SPI,MOSI: 0x4E;  MISO: 0xFF
2.684917500000000,SPI,MOSI: 0x00;  MISO: 0xFF
2.684975416666667,SPI,MOSI: 0x00;  MISO: 0xFF
2.685033333333333,SPI,MOSI: 0xF6;  MISO: 0xFF
2.685091166666667,SPI,MOSI: 0x01;  MISO: 0xFF
2.685149083333333,SPI,MOSI: 0x09;  MISO: 0xFF
2.685269500000000,SPI,MOSI: 0x64;  MISO: 0xFF
2.685327416666667,SPI,MOSI: 0x00;  MISO: 0xFF
2.685385250000000,SPI,MOSI: 0xFF;  MISO: 0xFF
2.685443166666666,SPI,MOSI: 0xFF;  MISO: 0xFF
2.685502166666667,SPI,MOSI: 0x78;  MISO: 0xFF
2.686853166666667,SPI,MOSI: 0x00;  MISO: 0xA5
2.686925500000000,SPI,MOSI: 0x09;  MISO: 0xFF
2.686980166666667,SPI,MOSI: 0x4E;  MISO: 0xFF
2.687038000000000,SPI,MOSI: 0x00;  MISO: 0xFF
2.687095916666667,SPI,MOSI: 0x00;  MISO: 0xFF
2.687153833333333,SPI,MOSI: 0xF6;  MISO: 0xFF
2.687211750000000,SPI,MOSI: 0x01;  MISO: 0xFF
2.687269583333333,SPI,MOSI: 0x09;  MISO: 0xFF
2.687327500000000,SPI,MOSI: 0x64;  MISO: 0xFF
2.687385416666667,SPI,MOSI: 0x00;  MISO: 0xFF
2.687443250000000,SPI,MOSI: 0xFF;  MISO: 0xFF
2.687501166666667,SPI,MOSI: 0xFF;  MISO: 0xFF
2.687560166666667,SPI,MOSI: 0x78;  MISO: 0xFF
2.688254833333333,SPI,MOSI: 0x00;  MISO: 0xA4
2.688310166666667,SPI,MOSI: 0x00;  MISO: 0x09
2.688425416666667,SPI,MOSI: 0x00;  MISO: 0x4E
2.688484833333333,SPI,MOSI: 0x00;  MISO: 0x00
2.688544166666667,SPI,MOSI: 0x00;  MISO: 0x80
2.688603500000000,SPI,MOSI: 0x00;  MISO: 0xFF
2.688662833333333,SPI,MOSI: 0x00;  MISO: 0xFF
2.688736583333333,SPI,MOSI: 0x00;  MISO: 0xFF
2.688795916666667,SPI,MOSI: 0x00;  MISO: 0xFF
2.688855333333333,SPI,MOSI: 0x00;  MISO: 0xFF
2.688914750000000,SPI,MOSI: 0x00;  MISO: 0xFF
2.688974166666667,SPI,MOSI: 0x00;  MISO: 0xFF
2.689144333333333,SPI,MOSI: 0x00;  MISO: 0x9C
2.690475666666666,SPI,MOSI: 0x00;  MISO: 0xA5
2.690598666666667,SPI,MOSI: 0x09;  MISO: 0xFF
2.690662000000000,SPI,MOSI: 0x4E;  MISO: 0xFF
2.690728500000000,SPI,MOSI: 0x00;  MISO: 0xFF
2.690794916666666,SPI,MOSI: 0x00;  MISO: 0xFF
2.690861333333333,SPI,MOSI: 0xF6;  MISO: 0xFF
2.690927833333333,SPI,MOSI: 0x01;  MISO: 0xFF
2.690994250000000,SPI,MOSI: 0x09;  MISO: 0xFF
2.691061000000000,SPI,MOSI: 0x64;  MISO: 0xFF
2.691128000000000,SPI,MOSI: 0x00;  MISO: 0xFF
2.691195083333333,SPI,MOSI: 0xFF;  MISO: 0xFF
2.691262083333333,SPI,MOSI: 0xFF;  MISO: 0xFF
2.691330166666666,SPI,MOSI: 0x78;  MISO: 0xFF
2.692565666666667,SPI,MOSI: 0x00;  MISO: 0xA5
2.692687416666667,SPI,MOSI: 0x09;  MISO: 0xFF
2.692750750000000,SPI,MOSI: 0x4E;  MISO: 0xFF
2.692817166666666,SPI,MOSI: 0x00;  MISO: 0xFF
2.692883666666666,SPI,MOSI: 0x00;  MISO: 0xFF
2.692950083333333,SPI,MOSI: 0xF6;  MISO: 0xFF
2.693016583333333,SPI,MOSI: 0x01;  MISO: 0xFF
2.693083000000000,SPI,MOSI: 0x09;  MISO: 0xFF
2.693149666666667,SPI,MOSI: 0x64;  MISO: 0xFF
2.693216750000000,SPI,MOSI: 0x00;  MISO: 0xFF
2.693283750000000,SPI,MOSI: 0xFF;  MISO: 0xFF
2.693350750000000,SPI,MOSI: 0xFF;  MISO: 0xFF
2.693418916666667,SPI,MOSI: 0x78;  MISO: 0xFF
2.933551416666667,SPI,MOSI: 0x00;  MISO: 0xA4
2.933606583333333,SPI,MOSI: 0x00;  MISO: 0x03
2.933663916666667,SPI,MOSI: 0x00;  MISO: 0x40
2.933752666666666,SPI,MOSI: 0x00;  MISO: 0x00
2.933812083333333,SPI,MOSI: 0x00;  MISO: 0x01
2.933871416666667,SPI,MOSI: 0x00;  MISO: 0x03
2.933930666666666,SPI,MOSI: 0x00;  MISO: 0xE5
2.935607000000000,SPI,MOSI: 0x00;  MISO: 0xA5
2.935678916666667,SPI,MOSI: 0x09;  MISO: 0xFF
2.935753166666667,SPI,MOSI: 0x4F;  MISO: 0xFF
2.935811083333333,SPI,MOSI: 0x00;  MISO: 0xFF
2.936018916666667,SPI,MOSI: 0x04;  MISO: 0xFF
2.936076750000000,SPI,MOSI: 0x11;  MISO: 0xFF
2.936391333333333,SPI,MOSI: 0x11;  MISO: 0xFF
2.936449250000000,SPI,MOSI: 0xF0;  MISO: 0xFF
2.936507166666666,SPI,MOSI: 0xF0;  MISO: 0xFF
2.936724083333333,SPI,MOSI: 0xFF;  MISO: 0xFF
2.936782000000000,SPI,MOSI: 0xFF;  MISO: 0xFF
2.936839833333333,SPI,MOSI: 0xFF;  MISO: 0xFF
2.936898916666667,SPI,MOSI: 0x18;  MISO: 0xFF
2.937656500000000,SPI,MOSI: 0x00;  MISO: 0xA4
2.937711833333333,SPI,MOSI: 0x00;  MISO: 0x09
2.937777916666667,SPI,MOSI: 0x00;  MISO: 0x4E
2.937837333333333,SPI,MOSI: 0x00;  MISO: 0x00
2.937896750000000,SPI,MOSI: 0x00;  MISO: 0x80
2.937956083333333,SPI,MOSI: 0x00;  MISO: 0xFF
2.938015500000000,SPI,MOSI: 0x00;  MISO: 0xFF
2.938074916666667,SPI,MOSI: 0x00;  MISO: 0xFF
2.938212083333333,SPI,MOSI: 0x00;  MISO: 0xFF
2.938271333333333,SPI,MOSI: 0x00;  MISO: 0xFF
2.938330750000000,SPI,MOSI: 0x00;  MISO: 0xFF
2.938390083333333,SPI,MOSI: 0x00;  MISO: 0xFF
2.938449333333333,SPI,MOSI: 0x00;  MISO: 0x9C
3.187352166666667,SPI,MOSI: 0x00;  MISO: 0xA4
3.187407500000000,SPI,MOSI: 0x00;  MISO: 0x03
3.187464833333333,SPI,MOSI: 0x00;  MISO: 0x40
3.187524250000000,SPI,MOSI: 0x00;  MISO: 0x00
3.187583666666667,SPI,MOSI: 0x00;  MISO: 0x01
3.187642916666667,SPI,MOSI: 0x00;  MISO: 0x05
3.187702166666667,SPI,MOSI: 0x00;  MISO: 0xE3
3.188632083333333,SPI,MOSI: 0x00;  MISO: 0xA5
3.188703916666667,SPI,MOSI: 0x09;  MISO: 0xFF
3.188789000000000,SPI,MOSI: 0x4E;  MISO: 0xFF
3.188846916666667,SPI,MOSI: 0x00;  MISO: 0xFF
3.188904833333333,SPI,MOSI: 0x00;  MISO: 0xFF
3.188962666666667,SPI,MOSI: 0xF5;  MISO: 0xFF
3.189020583333333,SPI,MOSI: 0x01;  MISO: 0xFF
3.189143750000000,SPI,MOSI: 0x09;  MISO: 0xFF
3.189201666666666,SPI,MOSI: 0x64;  MISO: 0xFF
3.189259500000000,SPI,MOSI: 0x00;  MISO: 0xFF
3.189317416666666,SPI,MOSI: 0xFF;  MISO: 0xFF
3.189375333333333,SPI,MOSI: 0xFF;  MISO: 0xFF
3.189434333333333,SPI,MOSI: 0x7B;  MISO: 0xFF
3.195716666666667,SPI,MOSI: 0x00;  MISO: 0xA4
3.195780500000000,SPI,MOSI: 0x00;  MISO: 0x09
3.195846500000000,SPI,MOSI: 0x00;  MISO: 0x4E
3.195914416666667,SPI,MOSI: 0x00;  MISO: 0x00
3.195980750000000,SPI,MOSI: 0x00;  MISO: 0x80
3.196048666666667,SPI,MOSI: 0x00;  MISO: 0xFF
3.196116583333333,SPI,MOSI: 0x00;  MISO: 0xFF
3.196183333333333,SPI,MOSI: 0x00;  MISO: 0xFF
3.196251833333333,SPI,MOSI: 0x00;  MISO: 0xFF
3.196318666666667,SPI,MOSI: 0x00;  MISO: 0xFF
3.196385583333333,SPI,MOSI: 0x00;  MISO: 0xFF
3.196454083333333,SPI,MOSI: 0x00;  MISO: 0xFF
3.196522500000000,SPI,MOSI: 0x00;  MISO: 0x9C
3.201852500000000,SPI,MOSI: 0x00;  MISO: 0xA5
3.201975000000000,SPI,MOSI: 0x09;  MISO: 0xFF
3.202038333333333,SPI,MOSI: 0x4E;  MISO: 0xFF
3.202104833333333,SPI,MOSI: 0x00;  MISO: 0xFF
3.202171250000000,SPI,MOSI: 0x00;  MISO: 0xFF
3.202237750000000,SPI,MOSI: 0xF5;  MISO: 0xFF
3.202304166666667,SPI,MOSI: 0x01;  MISO: 0xFF
3.202370583333333,SPI,MOSI: 0x09;  MISO: 0xFF
3.202437333333333,SPI,MOSI: 0x64;  MISO: 0xFF
3.202504333333333,SPI,MOSI: 0x00;  MISO: 0xFF
3.202571333333333,SPI,MOSI: 0xFF;  MISO: 0xFF
3.202638333333333,SPI,MOSI: 0xFF;  MISO: 0xFF
3.202706500000000,SPI,MOSI: 0x7B;  MISO: 0xFF
3.438069500000000,SPI,MOSI: 0x00;  MISO: 0xA4
3.438124750000000,SPI,MOSI: 0x00;  MISO: 0x03
3.438182166666667,SPI,MOSI: 0x00;  MISO: 0x40
3.438241500000000,SPI,MOSI: 0x00;  MISO: 0x00
3.438300916666666,SPI,MOSI: 0x00;  MISO: 0x01
3.438373333333333,SPI,MOSI: 0x00;  MISO: 0x03
3.438432583333333,SPI,MOSI: 0x00;  MISO: 0xE5
3.439163500000000,SPI,MOSI: 0x00;  MISO: 0xA4
3.439218750000000,SPI,MOSI: 0x00;  MISO: 0x09
3.439276083333333,SPI,MOSI: 0x00;  MISO: 0x4E
3.439335500000000,SPI,MOSI: 0x00;  MISO: 0x00
3.439394916666667,SPI,MOSI: 0x00;  MISO: 0x80
3.439454166666667,SPI,MOSI: 0x00;  MISO: 0xFF
3.439513583333333,SPI,MOSI: 0x00;  MISO: 0xFF
3.439572916666667,SPI,MOSI: 0x00;  MISO: 0xFF
3.439632333333333,SPI,MOSI: 0x00;  MISO: 0xFF
3.439691750000000,SPI,MOSI: 0x00;  MISO: 0xFF
3.439881666666667,SPI,MOSI: 0x00;  MISO: 0xFF
3.439941083333333,SPI,MOSI: 0x00;  MISO: 0xFF
3.440000333333333,SPI,MOSI: 0x00;  MISO: 0x9C
3.445299500000000,SPI,MOSI: 0x00;  MISO: 0xA5
3.445421916666667,SPI,MOSI: 0x09;  MISO: 0xFF
3.445485333333334,SPI,MOSI: 0x4E;  MISO: 0xFF
3.445551750000000,SPI,MOSI: 0x00;  MISO: 0xFF
3.445618250000000,SPI,MOSI: 0x00;  MISO: 0xFF
3.445684666666667,SPI,MOSI: 0xF5;  MISO: 0xFF
3.445751083333333,SPI,MOSI: 0x01;  MISO: 0xFF
3.445817583333334,SPI,MOSI: 0x09;  MISO: 0xFF
3.445884333333333,SPI,MOSI: 0x64;  MISO: 0xFF
3.445951333333333,SPI,MOSI: 0x00;  MISO: 0xFF
3.446018333333333,SPI,MOSI: 0xFF;  MISO: 0xFF
3.446085333333333,SPI,MOSI: 0xFF;  MISO: 0xFF
3.446153500000000,SPI,MOSI: 0x7B;  MISO: 0xFF
3.688324083333333,SPI,MOSI: 0x00;  MISO: 0xA4
3.688379333333333,SPI,MOSI: 0x00;  MISO: 0x03
3.688436750000000,SPI,MOSI: 0x00;  MISO: 0x40
3.688496083333333,SPI,MOSI: 0x00;  MISO: 0x00
3.688555500000000,SPI,MOSI: 0x00;  MISO: 0x01
3.688628250000000,SPI,MOSI: 0x00;  MISO: 0x03
3.688687500000000,SPI,MOSI: 0x00;  MISO: 0xE5
3.689418333333333,SPI,MOSI: 0x00;  MISO: 0xA4
3.689473500000000,SPI,MOSI: 0x00;  MISO: 0x09
3.689530916666667,SPI,MOSI: 0x00;  MISO: 0x4E
3.689590250000000,SPI,MOSI: 0x00;  MISO: 0x00
3.689649666666666,SPI,MOSI: 0x00;  MISO: 0x80
3.689708916666667,SPI,MOSI: 0x00;  MISO: 0xFF
3.689768333333333,SPI,MOSI: 0x00;  MISO: 0xFF
3.689827750000000,SPI,MOSI: 0x00;  MISO: 0xFF
3.689887083333333,SPI,MOSI: 0x00;  MISO: 0xFF
3.689946500000000,SPI,MOSI: 0x00;  MISO: 0xFF
3.690136416666667,SPI,MOSI: 0x00;  MISO: 0xFF
3.690195833333333,SPI,MOSI: 0x00;  MISO: 0xFF
3.690255083333333,SPI,MOSI: 0x00;  MISO: 0x9C
3.695553916666667,SPI,MOSI: 0x00;  MISO: 0xA5
3.695676333333333,SPI,MOSI: 0x09;  MISO: 0xFF
3.695739750000000,SPI,MOSI: 0x4E;  MISO: 0xFF
3.695806166666667,SPI,MOSI: 0x00;  MISO: 0xFF
3.695872583333333,SPI,MOSI: 0x00;  MISO: 0xFF
3.695939083333333,SPI,MOSI: 0xF5;  MISO: 0xFF
3.696005500000000,SPI,MOSI: 0x01;  MISO: 0xFF
3.696072000000000,SPI,MOSI: 0x09;  MISO: 0xFF
3.696138666666667,SPI,MOSI: 0x64;  MISO: 0xFF
3.696205750000000,SPI,MOSI: 0x00;  MISO: 0xFF
3.696272750000000,SPI,MOSI: 0xFF;  MISO: 0xFF
3.696339750000000,SPI,MOSI: 0xFF;  MISO: 0xFF
3.696407916666667,SPI,MOSI: 0x7B;  MISO: 0xFF
3.938578583333333,SPI,MOSI: 0x00;  MISO: 0xA4
3.938633916666667,SPI,MOSI: 0x00;  MISO: 0x03
3.938691250000000,SPI,MOSI: 0x00;  MISO: 0x40
3.938750666666667,SPI,MOSI: 0x00;  MISO: 0x00
3.938810083333333,SPI,MOSI: 0x00;  MISO: 0x01
3.938882166666667,SPI,MOSI: 0x00;  MISO: 0x03
3.938941416666667,SPI,MOSI: 0x00;  MISO: 0xE5
3.939672166666667,SPI,MOSI: 0x00;  MISO: 0xA4
3.939727333333333,SPI,MOSI: 0x00;  MISO: 0x09
3.939784666666667,SPI,MOSI: 0x00;  MISO: 0x4E
3.939844083333333,SPI,MOSI: 0x00;  MISO: 0x00
3.939903500000000,SPI,MOSI: 0x00;  MISO: 0x80
3.939962750000000,SPI,MOSI: 0x00;  MISO: 0xFF
3.940022166666667,SPI,MOSI: 0x00;  MISO: 0xFF
3.940081500000000,SPI,MOSI: 0x00;  MISO: 0xFF
3.940140916666667,SPI,MOSI: 0x00;  MISO: 0xFF
3.940200333333333,SPI,MOSI: 0x00;  MISO: 0xFF
3.940390250000000,SPI,MOSI: 0x00;  MISO: 0xFF
3.940449666666667,SPI,MOSI: 0x00;  MISO: 0xFF
3.940508916666666,SPI,MOSI: 0x00;  MISO: 0x9C
3.945808250000000,SPI,MOSI: 0x00;  MISO: 0xA5
3.945930750000000,SPI,MOSI: 0x09;  MISO: 0xFF
3.945994083333333,SPI,MOSI: 0x4E;  MISO: 0xFF
3.946060500000000,SPI,MOSI: 0x00;  MISO: 0xFF
3.946127000000000,SPI,MOSI: 0x00;  MISO: 0xFF
3.946193416666667,SPI,MOSI: 0xF5;  MISO: 0xFF
3.946259916666667,SPI,MOSI: 0x01;  MISO: 0xFF
3.946326333333333,SPI,MOSI: 0x09;  MISO: 0xFF
3.946393083333333,SPI,MOSI: 0x64;  MISO: 0xFF
3.946460083333333,SPI,MOSI: 0x00;  MISO: 0xFF
3.946527083333333,SPI,MOSI: 0xFF;  MISO: 0xFF
3.946594083333333,SPI,MOSI: 0xFF;  MISO: 0xFF
3.946662250000000,SPI,MOSI: 0x7B;  MISO: 0xFF
4.188833416666666,SPI,MOSI: 0x00;  MISO: 0xA4
4.188888666666666,SPI,MOSI: 0x00;  MISO: 0x03
4.188946000000000,SPI,MOSI: 0x00;  MISO: 0x40
4.189005416666666,SPI,MOSI: 0x00;  MISO: 0x00
4.189064833333333,SPI,MOSI: 0x00;  MISO: 0x01
4.189137500000000,SPI,MOSI: 0x00;  MISO: 0x03
4.189196833333333,SPI,MOSI: 0x00;  MISO: 0xE5
4.189927666666667,SPI,MOSI: 0x00;  MISO: 0xA4
4.189982833333334,SPI,MOSI: 0x00;  MISO: 0x09
4.190040250000000,SPI,MOSI: 0x00;  MISO: 0x4E
4.190099583333334,SPI,MOSI: 0x00;  MISO: 0x00
4.190159000000000,SPI,MOSI: 0x00;  MISO: 0x80
4.190218250000000,SPI,MOSI: 0x00;  MISO: 0xFF
4.190277666666667,SPI,MOSI: 0x00;  MISO: 0xFF
4.190337000000000,SPI,MOSI: 0x00;  MISO: 0xFF
4.190396416666666,SPI,MOSI: 0x00;  MISO: 0xFF
4.190455833333333,SPI,MOSI: 0x00;  MISO: 0xFF
4.190645750000000,SPI,MOSI: 0x00;  MISO: 0xFF
4.190705166666667,SPI,MOSI: 0x00;  MISO: 0xFF
4.190764416666667,SPI,MOSI: 0x00;  MISO: 0x9C
4.196062583333333,SPI,MOSI: 0x00;  MISO: 0xA5
4.196185083333333,SPI,MOSI: 0x09;  MISO: 0xFF
4.196248416666666,SPI,MOSI: 0x4E;  MISO: 0xFF
4.196314916666666,SPI,MOSI: 0x00;  MISO: 0xFF
4.196381333333333,SPI,MOSI: 0x00;  MISO: 0xFF
4.196447750000000,SPI,MOSI: 0xF5;  MISO: 0xFF
4.196514250000000,SPI,MOSI: 0x01;  MISO: 0xFF
4.196580666666667,SPI,MOSI: 0x09;  MISO: 0xFF
4.196647416666667,SPI,MOSI: 0x64;  MISO: 0xFF
4.196714416666667,SPI,MOSI: 0x00;  MISO: 0xFF
4.196781416666667,SPI,MOSI: 0xFF;  MISO: 0xFF
4.196848416666667,SPI,MOSI: 0xFF;  MISO: 0xFF
4.196916583333334,SPI,MOSI: 0x7B;  MISO: 0xFF
4.439087000000000,SPI,MOSI: 0x00;  MISO: 0xA4
4.439142250000000,SPI,MOSI: 0x00;  MISO: 0x03
4.439199666666667,SPI,MOSI: 0x00;  MISO: 0x40
4.439259000000000,SPI,MOSI: 0x00;  MISO: 0x00
4.439318416666667,SPI,MOSI: 0x00;  MISO: 0x01
4.439390833333333,SPI,MOSI: 0x00;  MISO: 0x03
4.439450083333333,SPI,MOSI: 0x00;  MISO: 0xE5
4.440190416666667,SPI,MOSI: 0x00;  MISO: 0xA4
4.440245583333334,SPI,MOSI: 0x00;  MISO: 0x09
4.440302916666667,SPI,MOSI: 0x00;  MISO: 0x4E
4.440386833333333,SPI,MOSI: 0x00;  MISO: 0x00
4.440446250000000,SPI,MOSI: 0x00;  MISO: 0x80
4.440505500000000,SPI,MOSI: 0x00;  MISO: 0xFF
4.440564750000000,SPI,MOSI: 0x00;  MISO: 0xFF
4.440624166666667,SPI,MOSI: 0x00;  MISO: 0xFF
4.440683500000000,SPI,MOSI: 0x00;  MISO: 0xFF
4.440742833333333,SPI,MOSI: 0x00;  MISO: 0xFF
4.440925500000000,SPI,MOSI: 0x00;  MISO: 0xFF
4.440984833333333,SPI,MOSI: 0x00;  MISO: 0xFF
4.441044166666667,SPI,MOSI: 0x00;  MISO: 0x9C
4.446317000000000,SPI,MOSI: 0x00;  MISO: 0xA5
4.446439416666666,SPI,MOSI: 0x09;  MISO: 0xFF
4.446502750000000,SPI,MOSI: 0x4E;  MISO: 0xFF
4.446569250000000,SPI,MOSI: 0x00;  MISO: 0xFF
4.446635666666666,SPI,MOSI: 0x00;  MISO: 0xFF
4.446702166666666,SPI,MOSI: 0xF5;  MISO: 0xFF
4.446768583333333,SPI,MOSI: 0x01;  MISO: 0xFF
4.446835083333333,SPI,MOSI: 0x09;  MISO: 0xFF
4.446901833333333,SPI,MOSI: 0x64;  MISO: 0xFF
4.446968833333333,SPI,MOSI: 0x00;  MISO: 0xFF
4.447035833333334,SPI,MOSI: 0xFF;  MISO: 0xFF
4.447102833333333,SPI,MOSI: 0xFF;  MISO: 0xFF
4.447171000000000,SPI,MOSI: 0x7B;  MISO: 0xFF
4.689341333333333,SPI,MOSI: 0x00;  MISO: 0xA4
4.689396583333333,SPI,MOSI: 0x00;  MISO: 0x03
4.689454000000000,SPI,MOSI: 0x00;  MISO: 0x40
4.689513416666666,SPI,MOSI: 0x00;  MISO: 0x00
4.689572750000000,SPI,MOSI: 0x00;  MISO: 0x01
4.689641583333334,SPI,MOSI: 0x00;  MISO: 0x03
4.689700916666666,SPI,MOSI: 0x00;  MISO: 0xE5
4.690369583333333,SPI,MOSI: 0x00;  MISO: 0xA4
4.690466250000000,SPI,MOSI: 0x00;  MISO: 0x09
4.690523666666667,SPI,MOSI: 0x00;  MISO: 0x4E
4.690583083333333,SPI,MOSI: 0x00;  MISO: 0x00
4.690642416666667,SPI,MOSI: 0x00;  MISO: 0x80
4.690701750000000,SPI,MOSI: 0x00;  MISO: 0xFF
4.690761083333333,SPI,MOSI: 0x00;  MISO: 0xFF
4.690820500000000,SPI,MOSI: 0x00;  MISO: 0xFF
4.690879916666667,SPI,MOSI: 0x00;  MISO: 0xFF
4.690939250000000,SPI,MOSI: 0x00;  MISO: 0xFF
4.690998583333333,SPI,MOSI: 0x00;  MISO: 0xFF
4.691179833333333,SPI,MOSI: 0x00;  MISO: 0xFF
4.691239083333334,SPI,MOSI: 0x00;  MISO: 0x9C
4.696540750000000,SPI,MOSI: 0x00;  MISO: 0xA5
4.696663416666667,SPI,MOSI: 0x09;  MISO: 0xFF
4.696726750000000,SPI,MOSI: 0x4E;  MISO: 0xFF
4.696793166666667,SPI,MOSI: 0x00;  MISO: 0xFF
4.696859666666667,SPI,MOSI: 0x00;  MISO: 0xFF
4.696926083333334,SPI,MOSI: 0xF5;  MISO: 0xFF
4.696992583333333,SPI,MOSI: 0x01;  MISO: 0xFF
4.697059000000000,SPI,MOSI: 0x09;  MISO: 0xFF
4.697125750000000,SPI,MOSI: 0x64;  MISO: 0xFF
4.697192750000000,SPI,MOSI: 0x00;  MISO: 0xFF
4.697259750000000,SPI,MOSI: 0xFF;  MISO: 0xFF
4.697326750000000,SPI,MOSI: 0xFF;  MISO: 0xFF
4.697394916666667,SPI,MOSI: 0x7B;  MISO: 0xFF
4.939596166666667,SPI,MOSI: 0x00;  MISO: 0xA4
4.939651416666667,SPI,MOSI: 0x00;  MISO: 0x03
4.939708833333333,SPI,MOSI: 0x00;  MISO: 0x40
4.939768166666667,SPI,MOSI: 0x00;  MISO: 0x00
4.939827583333333,SPI,MOSI: 0x00;  MISO: 0x01
4.939899916666667,SPI,MOSI: 0x00;  MISO: 0x03
4.939959166666666,SPI,MOSI: 0x00;  MISO: 0xE5
4.940689916666667,SPI,MOSI: 0x00;  MISO: 0xA4
4.940745083333334,SPI,MOSI: 0x00;  MISO: 0x09
4.940802500000000,SPI,MOSI: 0x00;  MISO: 0x4E
4.940861833333333,SPI,MOSI: 0x00;  MISO: 0x00
4.940921250000000,SPI,MOSI: 0x00;  MISO: 0x80
4.940980500000000,SPI,MOSI: 0x00;  MISO: 0xFF
4.941039916666667,SPI,MOSI: 0x00;  MISO: 0xFF
4.941099333333334,SPI,MOSI: 0x00;  MISO: 0xFF
4.941158666666666,SPI,MOSI: 0x00;  MISO: 0xFF
4.941218083333333,SPI,MOSI: 0x00;  MISO: 0xFF
4.941408000000000,SPI,MOSI: 0x00;  MISO: 0xFF
4.941467416666667,SPI,MOSI: 0x00;  MISO: 0xFF
4.941526666666666,SPI,MOSI: 0x00;  MISO: 0x9C
4.946825750000000,SPI,MOSI: 0x00;  MISO: 0xA5
4.946948166666667,SPI,MOSI: 0x09;  MISO: 0xFF
4.947011500000000,SPI,MOSI: 0x4E;  MISO: 0xFF
4.947078000000000,SPI,MOSI: 0x00;  MISO: 0xFF
4.947144416666666,SPI,MOSI: 0x00;  MISO: 0xFF
4.947210833333333,SPI,MOSI: 0xF5;  MISO: 0xFF
4.947277333333333,SPI,MOSI: 0x01;  MISO: 0xFF
4.947343750000000,SPI,MOSI: 0x09;  MISO: 0xFF
4.947410500000000,SPI,MOSI: 0x64;  MISO: 0xFF
4.947477500000000,SPI,MOSI: 0x00;  MISO: 0xFF
4.947544500000000,SPI,MOSI: 0xFF;  MISO: 0xFF
4.947611500000000,SPI,MOSI: 0xFF;  MISO: 0xFF
4.947679666666667,SPI,MOSI: 0x7B;  MISO: 0xFF
5.189850500000000,SPI,MOSI: 0x00;  MISO: 0xA4
5.189905750000000,SPI,MOSI: 0x00;  MISO: 0x03
5.189963083333334,SPI,MOSI: 0x00;  MISO: 0x40
5.190022500000000,SPI,MOSI: 0x00;  MISO: 0x00
5.190081916666666,SPI,MOSI: 0x00;  MISO: 0x01
5.190154000000000,SPI,MOSI: 0x00;  MISO: 0x03
5.190213250000000,SPI,MOSI: 0x00;  MISO: 0xE5
5.190944166666666,SPI,MOSI: 0x00;  MISO: 0xA4
5.190999250000000,SPI,MOSI: 0x00;  MISO: 0x09
5.191056666666666,SPI,MOSI: 0x00;  MISO: 0x4E
5.191116083333333,SPI,MOSI: 0x00;  MISO: 0x00
5.191175416666667,SPI,MOSI: 0x00;  MISO: 0x80
5.191234750000000,SPI,MOSI: 0x00;  MISO: 0xFF
5.191294083333333,SPI,MOSI: 0x00;  MISO: 0xFF
5.191353500000000,SPI,MOSI: 0x00;  MISO: 0xFF
5.191412916666667,SPI,MOSI: 0x00;  MISO: 0xFF
5.191472250000000,SPI,MOSI: 0x00;  MISO: 0xFF
5.191662166666666,SPI,MOSI: 0x00;  MISO: 0xFF
5.191721583333333,SPI,MOSI: 0x00;  MISO: 0xFF
5.191780833333334,SPI,MOSI: 0x00;  MISO: 0x9C
5.197080000000000,SPI,MOSI: 0x00;  MISO: 0xA5
5.197202500000000,SPI,MOSI: 0x09;  MISO: 0xFF
5.197265916666667,SPI,MOSI: 0x4E;  MISO: 0xFF
5.197332333333334,SPI,MOSI: 0x00;  MISO: 0xFF
5.197398750000000,SPI,MOSI: 0x00;  MISO: 0xFF
5.197465250000000,SPI,MOSI: 0xF5;  MISO: 0xFF
5.197531666666666,SPI,MOSI: 0x01;  MISO: 0xFF
5.197598166666666,SPI,MOSI: 0x09;  MISO: 0xFF
5.197664833333334,SPI,MOSI: 0x64;  MISO: 0xFF
5.197731833333333,SPI,MOSI: 0x00;  MISO: 0xFF
5.197798833333334,SPI,MOSI: 0xFF;  MISO: 0xFF
5.197865916666666,SPI,MOSI: 0xFF;  MISO: 0xFF
5.197934000000000,SPI,MOSI: 0x7B;  MISO: 0xFF
5.440104666666667,SPI,MOSI: 0x00;  MISO: 0xA4
5.440160000000000,SPI,MOSI: 0x00;  MISO: 0x03
5.440217333333333,SPI,MOSI: 0x00;  MISO: 0x40
5.440276750000000,SPI,MOSI: 0x00;  MISO: 0x00
5.440336166666667,SPI,MOSI: 0x00;  MISO: 0x01
5.440408833333334,SPI,MOSI: 0x00;  MISO: 0x03
5.440468083333333,SPI,MOSI: 0x00;  MISO: 0xE5
5.441199000000000,SPI,MOSI: 0x00;  MISO: 0xA4
5.441254166666667,SPI,MOSI: 0x00;  MISO: 0x09
5.441311500000000,SPI,MOSI: 0x00;  MISO: 0x4E
5.441370916666667,SPI,MOSI: 0x00;  MISO: 0x00
5.441430333333333,SPI,MOSI: 0x00;  MISO: 0x80
5.441489583333333,SPI,MOSI: 0x00;  MISO: 0xFF
5.441549000000000,SPI,MOSI: 0x00;  MISO: 0xFF
5.441608333333333,SPI,MOSI: 0x00;  MISO: 0xFF
5.441667750000000,SPI,MOSI: 0x00;  MISO: 0xFF
5.441727166666666,SPI,MOSI: 0x00;  MISO: 0xFF
5.441917083333333,SPI,MOSI: 0x00;  MISO: 0xFF
5.441976500000000,SPI,MOSI: 0x00;  MISO: 0xFF
5.442035750000000,SPI,MOSI: 0x00;  MISO: 0x9C
5.447334416666667,SPI,MOSI: 0x00;  MISO: 0xA5
5.447456916666667,SPI,MOSI: 0x09;  MISO: 0xFF
5.447520250000000,SPI,MOSI: 0x4E;  MISO: 0xFF
5.447586666666667,SPI,MOSI: 0x00;  MISO: 0xFF
5.447653166666667,SPI,MOSI: 0x00;  MISO: 0xFF
5.447719583333333,SPI,MOSI: 0xF5;  MISO: 0xFF
5.447786083333333,SPI,MOSI: 0x01;  MISO: 0xFF
5.447852500000000,SPI,MOSI: 0x09;  MISO: 0xFF
5.447919166666667,SPI,MOSI: 0x64;  MISO: 0xFF
5.447986250000000,SPI,MOSI: 0x00;  MISO: 0xFF
5.448053250000000,SPI,MOSI: 0xFF;  MISO: 0xFF
5.448120250000000,SPI,MOSI: 0xFF;  MISO: 0xFF
5.448188416666667,SPI,MOSI: 0x7B;  MISO: 0xFF
5.690358916666667,SPI,MOSI: 0x00;  MISO: 0xA4
5.690414166666667,SPI,MOSI: 0x00;  MISO: 0x03
5.690471583333333,SPI,MOSI: 0x00;  MISO: 0x40
5.690531000000000,SPI,MOSI: 0x00;  MISO: 0x00
5.690590333333334,SPI,MOSI: 0x00;  MISO: 0x01
5.690662500000000,SPI,MOSI: 0x00;  MISO: 0x03
5.690721750000000,SPI,MOSI: 0x00;  MISO: 0xE5
5.691452666666667,SPI,MOSI: 0x00;  MISO: 0xA4
5.691507916666667,SPI,MOSI: 0x00;  MISO: 0x09
5.691565333333333,SPI,MOSI: 0x00;  MISO: 0x4E
5.691624750000000,SPI,MOSI: 0x00;  MISO: 0x00
5.691684083333334,SPI,MOSI: 0x00;  MISO: 0x80
5.691743333333333,SPI,MOSI: 0x00;  MISO: 0xFF
5.691802750000000,SPI,MOSI: 0x00;  MISO: 0xFF
5.691862166666667,SPI,MOSI: 0x00;  MISO: 0xFF
5.691921583333333,SPI,MOSI: 0x00;  MISO: 0xFF
5.691980916666667,SPI,MOSI: 0x00;  MISO: 0xFF
5.692170833333333,SPI,MOSI: 0x00;  MISO: 0xFF
5.692230250000000,SPI,MOSI: 0x00;  MISO: 0xFF
5.692289500000000,SPI,MOSI: 0x00;  MISO: 0x9C
5.697588833333334,SPI,MOSI: 0x00;  MISO: 0xA5
5.697711250000000,SPI,MOSI: 0x09;  MISO: 0xFF
5.697774666666667,SPI,MOSI: 0x4E;  MISO: 0xFF
5.697841083333334,SPI,MOSI: 0x00;  MISO: 0xFF
5.697907500000000,SPI,MOSI: 0x00;  MISO: 0xFF
5.697974000000000,SPI,MOSI: 0xF5;  MISO: 0xFF
5.698040416666666,SPI,MOSI: 0x01;  MISO: 0xFF
5.698106916666666,SPI,MOSI: 0x09;  MISO: 0xFF
5.698173583333333,SPI,MOSI: 0x64;  MISO: 0xFF
5.698240666666667,SPI,MOSI: 0x00;  MISO: 0xFF
5.698307666666667,SPI,MOSI: 0xFF;  MISO: 0xFF
5.698374666666667,SPI,MOSI: 0xFF;  MISO: 0xFF
5.698442833333333,SPI,MOSI: 0x7B;  MISO: 0xFF
5.940613250000000,SPI,MOSI: 0x00;  MISO: 0xA4
5.940668500000000,SPI,MOSI: 0x00;  MISO: 0x03
5.940725916666667,SPI,MOSI: 0x00;  MISO: 0x40
5.940785333333333,SPI,MOSI: 0x00;  MISO: 0x00
5.940844750000000,SPI,MOSI: 0x00;  MISO: 0x01
5.940917333333333,SPI,MOSI: 0x00;  MISO: 0x03
5.940976583333334,SPI,MOSI: 0x00;  MISO: 0xE5
5.941707416666667,SPI,MOSI: 0x00;  MISO: 0xA4
5.941762666666667,SPI,MOSI: 0x00;  MISO: 0x09
5.941820000000000,SPI,MOSI: 0x00;  MISO: 0x4E
5.941879416666667,SPI,MOSI: 0x00;  MISO: 0x00
5.941938833333333,SPI,MOSI: 0x00;  MISO: 0x80
5.941998083333333,SPI,MOSI: 0x00;  MISO: 0xFF
5.942057500000000,SPI,MOSI: 0x00;  MISO: 0xFF
5.942116833333333,SPI,MOSI: 0x00;  MISO: 0xFF
5.942176250000000,SPI,MOSI: 0x00;  MISO: 0xFF
5.942235666666667,SPI,MOSI: 0x00;  MISO: 0xFF
5.942425583333334,SPI,MOSI: 0x00;  MISO: 0xFF
5.942485000000000,SPI,MOSI: 0x00;  MISO: 0xFF
5.942544250000000,SPI,MOSI: 0x00;  MISO: 0x9C
5.947843166666667,SPI,MOSI: 0x00;  MISO: 0xA5
5.947965666666667,SPI,MOSI: 0x09;  MISO: 0xFF
5.948029000000000,SPI,MOSI: 0x4E;  MISO: 0xFF
5.948095500000000,SPI,MOSI: 0x00;  MISO: 0xFF
5.948161916666667,SPI,MOSI: 0x00;  MISO: 0xFF
5.948228416666667,SPI,MOSI: 0xF5;  MISO: 0xFF
5.948294833333334,SPI,MOSI: 0x01;  MISO: 0xFF
5.948361333333334,SPI,MOSI: 0x09;  MISO: 0xFF
5.948428000000000,SPI,MOSI: 0x64;  MISO: 0xFF
5.948495083333333,SPI,MOSI: 0x00;  MISO: 0xFF
5.948562083333333,SPI,MOSI: 0xFF;  MISO: 0xFF
5.948629083333334,SPI,MOSI: 0xFF;  MISO: 0xFF
5.948697250000000,SPI,MOSI: 0x7B;  MISO: 0xFF
6.190868166666666,SPI,MOSI: 0x00;  MISO: 0xA4
6.190923416666666,SPI,MOSI: 0x00;  MISO: 0x03
6.190980833333334,SPI,MOSI: 0x00;  MISO: 0x40
6.191040166666666,SPI,MOSI: 0x00;  MISO: 0x00
6.191099583333333,SPI,MOSI: 0x00;  MISO: 0x01
6.191172000000000,SPI,MOSI: 0x00;  MISO: 0x03
6.191231333333334,SPI,MOSI: 0x00;  MISO: 0xE5
6.191962166666666,SPI,MOSI: 0x00;  MISO: 0xA4
6.192017333333333,SPI,MOSI: 0x00;  MISO: 0x09
6.192074750000000,SPI,MOSI: 0x00;  MISO: 0x4E
6.192134083333333,SPI,MOSI: 0x00;  MISO: 0x00
6.192193500000000,SPI,MOSI: 0x00;  MISO: 0x80
6.192252750000000,SPI,MOSI: 0x00;  MISO: 0xFF
6.192312166666667,SPI,MOSI: 0x00;  MISO: 0xFF
6.192371583333333,SPI,MOSI: 0x00;  MISO: 0xFF
6.192430916666667,SPI,MOSI: 0x00;  MISO: 0xFF
6.192490333333334,SPI,MOSI: 0x00;  MISO: 0xFF
6.192680250000000,SPI,MOSI: 0x00;  MISO: 0xFF
6.192739666666666,SPI,MOSI: 0x00;  MISO: 0xFF
6.192798916666667,SPI,MOSI: 0x00;  MISO: 0x9C
6.198097500000000,SPI,MOSI: 0x00;  MISO: 0xA5
6.198220000000000,SPI,MOSI: 0x09;  MISO: 0xFF
6.198283416666666,SPI,MOSI: 0x4E;  MISO: 0xFF
6.198349833333333,SPI,MOSI: 0x00;  MISO: 0xFF
6.198416250000000,SPI,MOSI: 0x00;  MISO: 0xFF
6.198482750000000,SPI,MOSI: 0xF5;  MISO: 0xFF
6.198549166666667,SPI,MOSI: 0x01;  MISO: 0xFF
6.198615666666667,SPI,MOSI: 0x09;  MISO: 0xFF
6.198682416666666,SPI,MOSI: 0x64;  MISO: 0xFF
6.198749416666667,SPI,MOSI: 0x00;  MISO: 0xFF
6.198816416666666,SPI,MOSI: 0xFF;  MISO: 0xFF
6.198883416666667,SPI,MOSI: 0xFF;  MISO: 0xFF
